{
  "server": {
    "host": "0.0.0.0",
    "port": "3015",
    "modName": "mpc",
    "securePort": 0,
    "secure": false,
    "clusters": false,
    "apiUrl": "https://uunn.local/sudocu/api",
    "urlHome": "https://uunn.local/sudocu",
    "livereload": "35715",
    "socketUrl": "https://uunn.local/socket.gestion",
    "socketPath": "/sudocu/socket.io",
    "socketSecure": false,
    "contexto": "fr_sudocu_mpc"
  },
  "cookiesOptions": {
    "domain": "uunn.local",
    "secure": false
  },
  "crts": {
    "ca": "/etc/ssl/crt/sudocu.ca-bundle",
    "cert": "/etc/ssl/crt/",
    "key": "/etc/ssl/crt/"
  }
}  